Genes,Bersenev, Chambers, Flach, Grover, Kirshner, Kowalczyk, Lazare, Mann, Maryanovich, Norddahl, Sun, Wahlestedt,Avg,Consistency,Order
Lgals1,NA,-3.647598432,-1.486846895,NA,NA,NA,NA,NA,NA,-1.987492891,NA,-1.40384469,-2.131445727,4,161
Mmp2,-0.710607431,-3.998466863,NA,NA,NA,NA,NA,NA,-1.587192616,NA,-1.527233148,-1.738263798,-1.912352771,5,91
Camk1d,NA,NA,NA,NA,NA,NA,NA,NA,-1.629071531,-2.172894569,-1.048958812,-1.920516184,-1.692860274,4,213
Nrk,-1.425775069,-2.906167156,NA,NA,NA,NA,-1.164109672,NA,-1.423712084,NA,-1.529200029,NA,-1.689792802,5,68
Anxa6,NA,-3.880724959,NA,NA,NA,-0.428615637,NA,NA,-1.412204354,NA,-1.048762928,-1.056391252,-1.565339826,5,101
Il12rb2,-1.239918214,NA,-0.783741554,NA,NA,NA,NA,NA,-1.912715308,NA,-1.913287901,NA,-1.462415744,4,130
Socs2,NA,NA,-1.672897411,-0.68133942,NA,NA,NA,NA,-1.825417255,NA,-1.488764232,NA,-1.417104579,4,175
Cd86,-0.721734177,NA,-1.373779483,NA,NA,NA,NA,NA,-1.519119197,-1.596521015,-1.775828821,-1.367765214,-1.392457984,6,50
Plac8,NA,NA,-1.629781916,NA,NA,-0.638556549,NA,-0.309549846,-2.211173832,NA,NA,-2.03394901,-1.364602231,5,111
Hnf4a,-1.121460737,NA,NA,NA,NA,NA,NA,NA,-1.34703572,-1.178092285,-1.634275057,-1.481582646,-1.352489289,5,76
Rassf4,-1.508203662,NA,NA,NA,NA,NA,NA,NA,-1.556141746,-1.58268739,-0.744781376,-1.187984925,-1.31595982,5,67
Satb1,NA,-1.337157762,-0.948882526,-0.483506294,NA,NA,NA,NA,-1.378937256,NA,-1.136958636,-2.006405348,-1.21530797,6,54
Csf2rb,-0.994667848,NA,-0.693399762,NA,NA,NA,NA,NA,NA,-1.469283803,NA,-1.596007991,-1.188339851,4,136
Flt3,-1.6684282,NA,NA,-0.277499271,NA,NA,-1.030359823,NA,NA,NA,-1.5794146,NA,-1.138925473,4,121
Rnase6,-0.792327732,NA,-1.154961957,NA,NA,-0.525927679,NA,NA,NA,-1.313715143,NA,-1.821246732,-1.121635849,5,89
Dnmt3b,NA,-1.988989838,NA,NA,NA,NA,NA,NA,-0.755917626,-1.058307391,-0.58120562,NA,-1.096105119,4,170
Cd37,-0.718890575,-3.041017116,-0.684583072,NA,NA,-0.490895167,NA,NA,-0.686354786,NA,-1.069109062,-0.928908862,-1.088536948,7,32
Ebi3,-1.503116906,NA,-0.910352343,-0.403616077,-0.265941318,-0.856353807,NA,NA,NA,-1.496895799,NA,-1.800044448,-1.0337601,7,28
Tm6sf1,-0.801011683,NA,NA,NA,NA,NA,NA,NA,-1.235460465,-1.509588951,-0.779655498,-0.80518081,-1.026179481,5,88
Plxdc2,NA,NA,-0.693476038,NA,NA,NA,NA,NA,-1.449605535,-1.206667904,-0.754024514,NA,-1.025943498,4,181
Col4a2,-0.581915233,NA,NA,NA,NA,NA,NA,NA,-1.22157296,NA,-1.132542776,-1.086592519,-1.005655872,4,156
Mgst1,-1.133254201,NA,NA,NA,NA,-0.426438836,NA,NA,-1.161788269,NA,NA,-1.094032918,-0.953878556,4,133
Lst1,NA,NA,NA,NA,-0.621654214,NA,NA,NA,-1.387258631,-0.897355095,-0.682790716,-1.099944775,-0.937800686,5,113
Arhgap30,-0.69704063,NA,NA,NA,NA,NA,NA,NA,-0.503117756,-1.38284727,-1.057350396,-1.005211433,-0.929113497,5,93
Mcm7,NA,-2.117772062,-0.687330571,NA,NA,-0.608966411,NA,NA,NA,-0.69988,-0.471906751,NA,-0.917171159,5,105
Cd34,-0.927987472,NA,-0.740462989,NA,NA,-0.640145115,-1.097512246,NA,NA,NA,-0.859492472,NA,-0.853120059,5,84
Antxr2,NA,NA,NA,NA,NA,NA,NA,NA,-0.717678024,-0.9174399,-0.658171421,-0.981010747,-0.818575023,4,206
Mamdc2,NA,NA,-1.117226371,NA,NA,-0.513367462,NA,NA,NA,-0.811970395,NA,-0.814999793,-0.814391005,4,176
Ect2,-0.928418235,-0.674669892,-0.800846479,NA,NA,NA,NA,NA,NA,NA,-0.733287705,NA,-0.784305578,4,138
Anxa2,NA,-0.872877767,-1.000599444,NA,NA,-0.470522874,NA,NA,-0.710140156,NA,NA,NA,-0.76353506,4,167
Syk,NA,NA,NA,NA,NA,NA,NA,NA,-0.578466969,-0.798443567,-0.810772893,-0.854776702,-0.760615033,4,201
Il15,-0.809604262,NA,NA,NA,NA,-0.543056096,NA,NA,-0.708596725,NA,-0.772453801,-0.898251663,-0.746392509,5,87
Ctss,NA,1.482509043,-1.489829335,NA,NA,NA,NA,NA,-0.916415367,-1.793884127,NA,NA,-0.679404947,4,172
Mlec,NA,NA,-0.667645177,-0.718361996,NA,NA,NA,NA,-0.526664628,-0.771866868,NA,NA,-0.671134667,4,178
Rfc2,NA,NA,-0.780001127,NA,NA,-0.559001811,NA,NA,NA,-0.630616677,-0.597690975,NA,-0.641827647,4,182
Mcm5,NA,NA,NA,-0.380073506,NA,-0.603180878,NA,NA,NA,-1.021095456,-0.553044662,NA,-0.639348625,4,185
Slc28a2,-0.692715825,NA,NA,NA,NA,-0.298274117,NA,NA,-0.644826347,NA,-0.839703489,NA,-0.618879944,4,151
Sell,NA,1.021864587,-1.090827657,-0.370290986,NA,NA,NA,NA,NA,-1.885776595,NA,NA,-0.581257663,4,164
Lsp1,-0.704331697,NA,NA,NA,NA,-0.613360463,NA,NA,-0.483728768,NA,-0.399840537,NA,-0.550315366,4,150
Btg2,NA,-2.614423953,NA,2.1310989,1.787170911,0.511563236,NA,NA,NA,NA,NA,NA,0.453852273,4,171
Cd63,NA,NA,NA,NA,NA,0.389365078,NA,0.480207877,0.424241112,NA,0.539603478,NA,0.458354386,4,190
Ly6e,NA,NA,NA,NA,NA,0.489786092,NA,NA,0.388369733,0.581533303,0.612497072,NA,0.51804655,4,188
Tsc22d1,0.476190462,0.113820204,NA,NA,NA,0.499855735,NA,NA,0.912576488,NA,0.694605189,NA,0.539409616,5,100
Trpc6,0.485440536,NA,NA,NA,NA,NA,NA,NA,0.445679891,0.678190558,0.575014571,NA,0.546081389,4,159
Muc13,NA,0.779533581,0.592644506,NA,NA,NA,NA,NA,0.465289483,0.65854237,NA,NA,0.624002485,4,174
Tmem176a,NA,NA,NA,NA,NA,0.530940604,NA,0.663934755,0.56212687,0.646259539,0.722373664,NA,0.625127087,5,115
Procr,NA,NA,NA,NA,NA,NA,NA,0.470474134,0.593281961,0.771538881,0.660624792,0.666536947,0.632491343,5,119
Cldn12,NA,NA,NA,NA,NA,NA,NA,NA,0.489375356,0.612140242,0.754417404,0.720439646,0.644093162,4,215
Mmrn1,NA,NA,NA,NA,NA,0.434037373,NA,NA,0.575332674,0.891205161,0.727998916,NA,0.657143531,4,189
Gstm7,NA,1.002385498,NA,NA,NA,-0.251359894,NA,NA,1.030148923,NA,0.931635042,NA,0.678202392,4,166
Gstm1,NA,0.726687114,NA,0.839688824,NA,NA,NA,NA,0.530122754,NA,0.684383755,NA,0.695220612,4,169
Ppp1r16b,0.824753297,NA,NA,NA,NA,NA,NA,0.301355435,0.894339522,NA,0.784715915,NA,0.701291042,4,144
Klrb1b,NA,-0.509566149,NA,NA,NA,0.682886509,NA,NA,NA,NA,1.95004835,NA,0.70778957,3,221
Nt5c3,NA,NA,NA,NA,NA,NA,NA,NA,0.600671158,0.7657854,0.769986436,0.719818675,0.714065417,4,207
Tnfsf10,0.654600365,NA,NA,NA,NA,NA,NA,NA,0.567190951,NA,0.927431799,0.882228191,0.757862826,4,153
Plscr4,NA,NA,0.791520881,NA,NA,NA,NA,NA,0.597481432,0.996950815,0.669994092,NA,0.763986805,4,179
Ndn,NA,0.797895563,NA,NA,NA,NA,NA,NA,0.771888284,NA,0.874714843,0.700610494,0.786277296,4,162
Npdc1,0.655367781,NA,NA,NA,NA,0.372838599,NA,NA,1.409162462,0.717583707,0.782172331,NA,0.787424976,5,95
Mef2c,NA,1.442368126,0.609960278,NA,NA,NA,NA,NA,0.4193223,0.963394459,0.587802137,NA,0.80456946,5,103
Pla2g4a,0.632782084,1.537270403,NA,NA,NA,NA,NA,NA,0.642225874,NA,0.447556747,NA,0.814958777,4,155
Exoc6b,NA,NA,NA,0.392402509,NA,NA,NA,0.621685462,NA,1.23876377,1.056127484,NA,0.827244806,4,184
Tgm2,NA,NA,NA,0.859769855,NA,0.627232712,NA,0.750888721,0.941823014,1.04492311,0.781257343,NA,0.834315793,6,57
Fyb,0.909174523,NA,1.181019886,NA,NA,0.303729695,NA,NA,NA,0.951851282,NA,NA,0.836443847,4,139
Prnp,NA,NA,NA,NA,NA,NA,NA,NA,0.685558632,1.000955824,0.871529298,0.815446268,0.843372505,4,219
Ndrg1,0.646503444,1.360591786,NA,0.511399564,NA,NA,NA,NA,NA,0.970115105,NA,0.733983659,0.844518712,5,96
Lpar6,NA,NA,NA,NA,NA,0.327618581,NA,0.275761515,NA,1.429686347,1.130516702,1.084896205,0.84969587,5,116
Abcb1b,0.571001259,NA,NA,NA,NA,NA,NA,NA,0.817755723,1.252703384,0.526703336,1.129468177,0.859526376,5,98
Tox,NA,NA,NA,NA,NA,0.500274118,NA,NA,0.786046978,1.28986691,0.883822199,NA,0.865002551,4,187
Evc,0.536347357,NA,NA,NA,NA,NA,NA,NA,1.168595384,NA,0.803343105,0.977075608,0.871340364,4,158
Kcnip3,1.154081726,NA,NA,NA,NA,0.278802912,NA,NA,1.309043313,NA,0.752489675,NA,0.873604407,4,132
Serpinb6a,0.845396994,NA,NA,NA,NA,NA,NA,NA,0.651997078,1.015335276,0.889530138,1.053708807,0.891193659,5,86
Phactr1,0.656864536,NA,NA,NA,NA,0.29387179,NA,NA,NA,1.77215421,NA,NA,0.907630179,3,220
Jun,1.321758934,NA,NA,NA,0.54125292,NA,NA,0.583036378,1.204169439,NA,NA,NA,0.912554418,4,125
Art4,NA,NA,NA,0.582170578,NA,NA,NA,NA,0.70811015,1.557193956,0.827680572,NA,0.918788814,4,183
Prcp,0.921887555,NA,0.622744064,NA,NA,NA,NA,NA,0.842609892,0.999471945,1.1475762,1.030513222,0.927467146,6,49
Slamf1,0.658486977,NA,NA,NA,NA,NA,NA,NA,1.023913231,1.080048771,0.997220594,0.882014603,0.928336835,5,94
Sema7a,NA,NA,0.951749018,NA,NA,NA,NA,NA,NA,1.092742526,0.788711257,0.888918424,0.930530306,4,180
Arhgef28,0.691200139,NA,0.900397192,NA,NA,NA,NA,NA,NA,0.984461368,NA,1.173231099,0.93732245,4,152
Dhx40,0.563655793,NA,NA,NA,NA,NA,NA,NA,1.333529229,NA,0.826659159,1.028678067,0.938130562,4,157
Cxcl16,0.828093137,NA,NA,NA,NA,NA,NA,NA,NA,0.601498335,1.020903082,1.335870555,0.946591277,4,143
Gpx3,NA,NA,NA,NA,NA,0.583650642,NA,0.287881877,1.9022427,NA,1.014272636,NA,0.947011964,4,186
Acsl4,NA,1.77875926,NA,NA,NA,NA,NA,NA,0.426694785,1.092949519,0.497032033,NA,0.948858899,4,173
Slc14a1,NA,2.040307441,0.69742772,NA,NA,NA,NA,NA,0.650981191,NA,0.446908751,NA,0.958906276,4,160
Tbc1d8,NA,NA,NA,NA,NA,NA,NA,NA,0.65951127,1.283994896,0.786795026,1.117510248,0.96195286,4,198
Nckap1,0.77915963,NA,NA,NA,NA,NA,NA,NA,NA,1.286258247,0.867665631,0.967570577,0.975163521,4,146
Pros1,1.016819374,NA,NA,NA,NA,0.268108054,NA,NA,0.99939873,1.201036934,1.125562484,1.255583056,0.977751438,6,45
Prtn3,NA,NA,NA,NA,NA,1.235046819,NA,0.677969771,0.827183736,1.308002621,0.991070389,0.840102205,0.979895923,6,58
Arhgap29,0.709707424,NA,NA,NA,NA,NA,NA,NA,0.810764981,1.322988758,1.043702927,1.035647115,0.984562241,5,92
Plscr1,NA,1.337793458,NA,NA,NA,NA,0.897903565,0.574496069,1.091893549,1.130145488,0.882167166,NA,0.985733216,6,55
Serpinb8,0.83836546,NA,NA,NA,NA,NA,NA,NA,1.296815876,1.317379002,0.505741957,NA,0.989575574,4,142
Pdgfd,NA,NA,NA,NA,NA,NA,NA,NA,0.741543748,1.191085608,0.953808255,1.165718559,1.013039042,4,210
Trim47,1.07015965,NA,NA,NA,NA,0.427830816,NA,NA,NA,1.299725853,1.043105948,1.229408716,1.014046197,5,79
Stxbp4,0.723509623,NA,NA,NA,NA,NA,NA,NA,1.284323365,1.345092773,0.623351294,1.113645014,1.017984414,5,90
Efna1,NA,1.611208437,NA,NA,NA,0.590790793,NA,NA,1.451956679,0.599888541,1.021319025,0.949314043,1.03741292,6,53
Vmp1,NA,NA,NA,NA,NA,NA,NA,0.720700435,NA,1.339417253,1.045442321,1.045395463,1.037738868,4,196
Cd9,0.641443793,2.22371154,NA,NA,NA,NA,NA,NA,0.753702788,NA,0.547142359,NA,1.04150012,4,154
Egr1,1.315720823,NA,0.729313961,1.327757844,NA,NA,NA,NA,NA,NA,0.879140781,NA,1.062983352,4,126
Bcl6,1.253952236,NA,NA,NA,NA,NA,NA,NA,0.889784953,1.104134214,1.054600138,NA,1.075617885,4,128
Oxr1,NA,1.27846194,NA,NA,NA,0.565020226,NA,NA,NA,1.324111423,NA,1.210012099,1.094401422,4,168
Cytip,NA,1.872375976,NA,NA,NA,NA,NA,NA,0.826795963,1.025371971,1.001111387,0.752023043,1.095535668,5,104
Tacstd2,1.22927803,1.573129141,NA,NA,NA,0.373577707,NA,NA,1.118246233,1.553932657,0.739705531,NA,1.097978216,6,44
Pbx3,0.879266164,1.882558768,NA,0.587900704,NA,NA,0.958007746,NA,1.215961414,1.045447531,1.165625987,1.102392205,1.104645065,8,20
Mllt3,NA,2.186890075,NA,NA,NA,NA,NA,NA,NA,0.674678217,0.579021956,0.9916927,1.108070737,4,165
Casp12,1.161391659,NA,NA,NA,NA,NA,NA,NA,1.275082362,1.079238775,0.896519056,1.133713235,1.109189017,5,75
Cyp26b1,NA,NA,NA,0.582075798,NA,NA,1.338519777,0.294584379,1.623154593,NA,1.721317053,NA,1.11193032,5,112
Stom,0.941187979,2.637011423,NA,NA,NA,NA,0.887941103,NA,0.618559649,NA,0.519319169,NA,1.120803865,5,83
Lsr,0.933019041,NA,NA,NA,NA,NA,NA,NA,0.958077933,1.155968516,1.448290444,NA,1.123838984,4,137
Plek,1.010404159,1.088678099,NA,1.626472744,NA,0.35579959,NA,NA,1.267315027,1.796448154,0.753840697,NA,1.128422638,7,31
Dennd5b,0.561840484,NA,NA,NA,NA,NA,NA,NA,0.930463293,1.993923954,0.689270486,1.492734458,1.133646535,5,99
Ampd3,NA,NA,NA,NA,NA,NA,NA,NA,0.996510484,1.321158896,0.848818039,1.39052685,1.139253567,4,200
Lamp2,NA,2.606917875,NA,NA,NA,NA,NA,NA,0.613592727,0.822614795,0.988843605,0.716144818,1.149622764,5,108
Myo1e,0.863510272,NA,NA,NA,NA,NA,NA,NA,1.895375905,0.85275,1.002234001,NA,1.153467545,4,140
Cyyr1,1.191653799,NA,NA,NA,NA,NA,NA,NA,NA,1.197684832,0.721432578,1.527442029,1.15955331,4,131
Rab34,NA,NA,NA,NA,NA,NA,NA,NA,1.842628856,0.808687138,0.730990405,1.34178953,1.181023982,4,197
Rorc,NA,NA,NA,NA,NA,0.364905211,NA,0.565022466,2.006912109,1.117528708,1.646343555,1.400878084,1.183598355,6,59
Fhl1,1.109149118,1.970342487,NA,0.913887499,NA,0.451518039,NA,NA,1.492328102,1.12896536,1.098155801,1.382578239,1.193365581,8,19
Rdh10,NA,NA,NA,NA,NA,NA,1.132758528,NA,NA,1.404402294,1.266026282,1.018158265,1.205336342,4,191
Ptger4,NA,NA,NA,NA,NA,NA,1.113292549,NA,NA,1.48687691,1.104662126,1.142648504,1.211870022,4,194
Dhrs3,1.422021743,NA,NA,0.325513523,NA,1.108024472,NA,0.767443038,1.499089842,2.303749359,1.171541465,NA,1.228197635,7,29
Rhoj,0.985892807,NA,NA,NA,NA,NA,NA,NA,1.072028298,1.806262386,1.242621239,1.0382173,1.229004406,5,81
Ldhd,NA,NA,NA,NA,NA,NA,NA,NA,1.405871505,1.598886086,0.944139345,0.977077654,1.231493648,4,209
S100a6,1.24639155,1.006775367,NA,NA,NA,NA,NA,NA,1.097056739,NA,1.60676905,NA,1.239248176,4,129
Runx1t1,NA,NA,NA,NA,NA,NA,NA,0.354497638,1.131425407,1.639497134,1.168882046,1.970005631,1.252861571,5,120
Itgb3,0.972797889,NA,1.349370161,0.649953228,NA,NA,1.13638942,0.518873138,2.055269454,1.632987818,1.457893731,1.530719565,1.256028267,9,8
Nrg4,NA,NA,NA,NA,NA,0.252141091,NA,NA,1.266814504,1.715551624,1.330876765,1.735148415,1.26010648,5,114
Abcb1a,0.892528324,NA,NA,NA,NA,NA,NA,NA,1.647668801,1.308481565,0.74073954,1.711737529,1.260231152,5,85
Thbd,NA,1.78040194,NA,NA,NA,NA,NA,NA,1.499342195,0.960383479,0.843667042,1.254365321,1.267631995,5,107
Ocln,NA,NA,NA,NA,NA,NA,NA,NA,0.976979808,1.66926751,1.516538938,1.092590414,1.313844167,4,202
Gem,1.929471356,NA,NA,NA,NA,0.552009643,1.524000892,NA,0.923982074,NA,1.716432304,NA,1.329179254,5,63
Cpne8,0.926609605,NA,NA,NA,NA,NA,NA,0.480462659,1.752087647,1.48558992,1.503923108,1.85202241,1.333449225,6,48
Zfp334,0.858677459,NA,NA,NA,NA,NA,NA,NA,1.875907661,1.164026378,1.44496581,NA,1.335894327,4,141
Id2,1.270937167,NA,NA,1.102779062,NA,NA,NA,NA,NA,1.583742156,NA,1.390202781,1.336915292,4,127
Vldlr,NA,NA,NA,NA,NA,NA,1.63246966,NA,1.145698727,1.674269648,1.039853859,1.229532011,1.344364781,5,118
Ghr,NA,2.175474428,NA,NA,NA,NA,NA,NA,0.98496782,1.224598853,1.076906141,1.354815029,1.363352454,5,102
Slc6a15,0.761959029,3.497558101,NA,NA,NA,NA,NA,NA,0.541165742,NA,0.665084131,NA,1.366441751,4,148
Vwf,1.27059665,NA,NA,NA,NA,0.284538469,0.939653861,0.7578125,1.817636295,2.045137395,1.771409558,2.089372431,1.372019645,8,16
Alcam,NA,2.587378234,1.303714399,NA,NA,NA,1.238246498,0.318726046,1.206320306,1.530448601,1.453882655,1.540807508,1.397440531,8,22
Hpgds,1.621375951,NA,1.006017848,NA,NA,NA,NA,NA,1.735759963,NA,1.242931395,NA,1.401521289,4,123
Pcdhb16,1.099308148,NA,NA,NA,NA,NA,0.940309626,NA,1.683218363,NA,1.551480422,1.776795284,1.410222369,5,77
Clec1b,0.771664598,2.606943265,NA,NA,NA,NA,NA,NA,NA,1.418164561,0.980432537,NA,1.44430124,4,147
Jam2,1.583748792,NA,NA,0.446874972,NA,NA,NA,0.502746726,NA,2.472464125,NA,2.230768593,1.447320641,5,66
Abca4,0.716931025,NA,NA,NA,0.336082711,NA,0.828522456,NA,2.511018613,2.472515188,1.62508826,1.644097485,1.44775082,7,33
Plcl1,NA,NA,NA,NA,NA,NA,0.808043245,NA,NA,2.324634017,1.250455287,1.50055558,1.470922033,4,193
Cysltr2,1.858719127,NA,1.244231487,NA,0.394879353,NA,NA,NA,NA,1.716098835,NA,2.148220703,1.472429901,5,64
Clec1a,1.983957477,NA,1.245485152,1.004282325,NA,0.688183272,0.969389057,0.867699692,1.99013801,2.681304121,1.472334955,1.966815514,1.486958957,10,5
Ptprk,1.502226385,NA,1.133472413,NA,NA,NA,0.991892154,0.253960056,2.021600701,1.94827302,2.221864924,1.955665101,1.503619344,8,15
Sfrp1,1.607073666,NA,NA,NA,NA,NA,NA,NA,1.231126263,1.831671954,1.67273683,1.274736655,1.523469074,5,65
Zfp36,1.061805508,2.657821705,NA,NA,1.380075396,1.000153767,NA,NA,NA,NA,NA,NA,1.524964094,4,134
Mmp14,1.477361925,1.761173315,NA,NA,NA,NA,NA,NA,NA,1.727761226,NA,1.138202497,1.52612474,4,124
Ehd3,1.630295206,1.948963066,NA,NA,NA,0.745758268,NA,0.711035292,NA,2.260427539,NA,1.876896491,1.528895977,6,38
Gadd45g,NA,NA,NA,0.413445881,NA,0.462093292,NA,NA,2.285996758,2.675483476,1.19793698,2.260622149,1.549263089,6,56
Fhdc1,1.686743333,NA,NA,NA,NA,NA,0.769677756,NA,3.110521426,1.401802304,1.018950229,1.322360914,1.551675994,6,37
Enpp5,1.3100873,3.124216668,NA,0.720566866,NA,0.892084164,1.458878631,0.578882816,1.712805231,2.425141592,1.765455107,NA,1.554235375,9,7
Il1rapl2,1.390893721,NA,NA,NA,NA,NA,NA,NA,2.376878356,0.998564618,1.668093327,1.364129633,1.559711931,5,70
Cd38,1.260505376,NA,NA,NA,NA,0.265230002,1.25450037,0.394042615,1.93309158,2.769466117,2.035891497,2.679098247,1.573978226,8,17
Klhl4,1.645627108,NA,1.507399418,1.275400354,NA,NA,1.767336236,NA,1.474260516,1.661093695,1.643495935,1.653690644,1.578537988,8,14
Asb4,NA,NA,NA,NA,NA,NA,NA,NA,1.488805469,1.507341004,1.700438284,1.653200293,1.587446263,4,214
Gda,NA,NA,1.283180306,NA,NA,NA,NA,0.703003522,NA,2.611729918,NA,1.801034955,1.599737175,4,177
Gpr183,1.804942712,NA,1.969398928,0.659818383,0.66062875,0.290168441,NA,0.486681469,NA,3.748615043,NA,3.229290584,1.606193039,8,13
Kdr,NA,NA,NA,NA,NA,NA,NA,NA,2.1626307,1.389678104,1.476146761,1.441834967,1.617572633,4,218
Cd200r4,NA,NA,NA,NA,NA,NA,NA,NA,2.363607048,0.933058463,1.337906171,1.857802733,1.623093604,4,217
Acpp,NA,NA,NA,NA,NA,NA,NA,NA,1.385055497,2.28479654,1.618960961,1.2195434,1.627089099,4,211
Pgr,1.61488528,NA,NA,NA,NA,NA,NA,0.276426607,2.008176131,1.637668791,1.770679175,2.475957841,1.630632304,6,39
Amotl2,NA,NA,NA,NA,NA,NA,0.913182912,NA,2.766591659,NA,1.466116529,1.510113276,1.664001094,4,192
Phf11d,1.568485849,NA,NA,NA,NA,NA,1.297642745,NA,2.192030395,1.720948635,2.005525943,1.201664376,1.664382991,6,40
Abat,0.598724113,NA,NA,NA,NA,NA,NA,NA,2.740410982,1.759691461,1.377627364,1.860673309,1.667425446,5,97
Cavin2,1.642477608,NA,NA,NA,NA,NA,1.004774078,NA,2.590474154,NA,1.544240779,NA,1.695491654,4,122
Aldh1a1,1.795511841,4.115193297,NA,1.153938907,NA,0.573306594,NA,0.681864973,NA,1.721111193,NA,1.966447467,1.715339182,7,24
Dsg2,1.092849725,NA,NA,NA,NA,NA,NA,NA,1.826353989,1.886683372,1.811025428,2.077737273,1.738929957,5,78
Meis2,NA,NA,NA,NA,NA,NA,NA,NA,2.016002897,1.984008421,1.188176764,1.959249996,1.78685952,4,204
B3galt1,1.195118484,NA,NA,NA,NA,NA,NA,NA,2.866674279,1.485567048,1.277447333,2.121605797,1.789282588,5,73
Nupr1,1.524012954,0.844994579,NA,1.202829595,0.923387702,2.196010041,1.579603557,0.789569305,2.746007795,3.133715207,1.642493314,3.191099922,1.79761127,11,3
Ddr1,NA,NA,NA,NA,NA,NA,NA,NA,2.485840032,1.879543378,1.539796014,1.323879615,1.80726476,4,199
Dnm3,1.646269077,NA,NA,0.387391475,NA,NA,1.2024676,NA,2.913758718,2.018662688,2.672561826,1.824222656,1.809333434,7,27
Neo1,1.25983476,4.341932538,NA,0.445101184,NA,NA,1.111001586,NA,1.25852422,2.090896943,1.766811928,2.463465049,1.842196026,8,18
Lpl,1.403869469,2.606574643,NA,NA,NA,NA,NA,NA,1.614517823,NA,1.331267685,2.33763496,1.858772916,5,69
Perp,NA,2.877381027,NA,NA,NA,NA,NA,NA,1.36681369,1.611722307,1.708391003,1.786278608,1.870117327,5,106
Sdpr,NA,4.745035952,NA,1.359072607,NA,0.465085676,NA,0.382154026,NA,2.374700146,NA,1.955498965,1.880257895,6,52
Maf,NA,NA,NA,NA,NA,NA,1.179932908,NA,3.14482094,NA,1.58582541,1.73415829,1.911184387,4,195
Gm10419,1.679584598,NA,NA,NA,NA,0.321459392,1.300447473,NA,4.019229604,2.471943627,1.646863591,2.445308662,1.983548135,7,26
Klrb1c,2.564622161,NA,NA,NA,NA,NA,1.71529802,0.450859123,2.117264604,NA,3.078955288,NA,1.985399839,5,61
Pclo,0.723890782,2.418967766,NA,NA,NA,NA,NA,NA,NA,2.243632431,NA,2.597126797,1.995904444,4,149
Adgrg2,1.230981425,NA,NA,NA,NA,NA,0.885701209,NA,2.969142107,2.682842565,1.398295741,2.925324271,2.01538122,6,43
Bmpr1a,2.694994289,2.217300601,NA,0.778686885,NA,NA,NA,NA,NA,2.322770832,NA,2.157375311,2.034225584,5,60
Cyb561,NA,3.045017638,NA,NA,NA,NA,NA,NA,2.696787815,1.753067135,1.045329845,1.6392377,2.035888027,5,110
Aspa,2.231535968,NA,NA,NA,NA,NA,NA,NA,2.58808505,1.637337484,1.428795501,2.306765551,2.038503911,5,62
Mt1,2.380292482,5.576422021,NA,0.774329851,0.58809635,1.309815765,1.742664146,0.285047277,3.712901368,2.918932038,1.508273052,2.713056669,2.137257365,11,2
Tmem56,0.95358306,3.630023083,NA,NA,NA,NA,NA,NA,NA,2.561635058,0.702120913,2.877567214,2.144985866,5,82
Sult1a1,NA,3.788032114,NA,1.444632188,NA,1.715941444,NA,1.125741627,NA,2.848187398,NA,2.018886699,2.156903578,6,51
Tmem47,1.742003797,2.474168437,1.302897347,NA,NA,NA,NA,NA,3.194062324,1.752395184,2.351381171,2.4928116,2.187102837,7,25
Gstm2,1.972984103,4.490903852,NA,0.372592516,NA,0.400013547,1.745558067,NA,3.34959586,2.534558988,2.560199734,2.969836166,2.266249204,9,6
C4b,1.034576099,NA,NA,NA,NA,NA,1.129004912,NA,4.593699855,NA,2.390093515,NA,2.286843595,4,135
Zswim5,1.220318999,NA,NA,NA,NA,NA,NA,NA,6.082027868,1.731429368,1.630790402,1.426478097,2.418208947,5,72
Selp,3.273687659,5.952785834,1.682256463,1.047393659,0.617469802,0.993494677,2.154182076,1.075621029,4.090171202,2.775169489,2.495543057,3.141030537,2.441567124,12,1
Tm4sf1,NA,3.912620676,NA,NA,NA,0.275115755,1.418246644,0.404925522,4.229446827,3.33293662,2.621410223,3.497414034,2.461514538,8,21
Rorb,1.405818567,NA,NA,NA,NA,NA,0.905805681,NA,4.481515039,2.559453696,3.912061892,1.688574518,2.492204899,6,41
Rgn,NA,NA,NA,NA,NA,NA,NA,NA,3.375925439,2.390086522,2.217361323,2.038676657,2.505512485,4,203
Chrna7,NA,NA,NA,NA,NA,NA,NA,NA,4.189301161,1.961045264,2.244506339,1.716443507,2.527824068,4,208
Trpc1,2.142873839,2.686629888,1.448517503,NA,NA,NA,1.046677729,NA,3.317399322,3.396065723,3.188875672,3.021129563,2.531021155,8,12
Clu,1.9332862,4.788507576,NA,0.941975422,NA,1.362489012,NA,NA,NA,3.129149843,NA,3.108199032,2.543934514,6,36
Ramp2,2.012870419,NA,NA,NA,NA,NA,2.584250633,NA,1.886088402,3.321341622,3.368937875,2.359533701,2.588837108,6,34
Clca3a1,2.701620865,NA,1.726142941,NA,0.720137035,NA,1.534362181,NA,5.157997043,3.317146701,2.567177537,3.057975213,2.59781994,8,9
Tmem215,1.004679256,NA,NA,NA,NA,NA,1.297391407,NA,4.933989283,2.398953686,2.731465676,3.522504204,2.648163919,6,47
Muc1,1.304575593,NA,NA,NA,NA,NA,NA,NA,4.874942177,3.19123172,2.37854933,1.71879361,2.693618486,5,71
Tc2n,NA,NA,NA,NA,NA,NA,1.375399538,NA,3.508899441,2.589634952,3.042865145,2.95498581,2.694356977,5,117
Fap,1.388931372,2.695411615,NA,NA,NA,NA,NA,NA,3.300568434,3.989568416,2.012086137,2.815496319,2.700343716,6,42
Wwtr1,1.396329256,6.721126702,NA,NA,NA,NA,0.96457547,NA,3.910667036,2.185968748,2.000249965,2.22989473,2.772687415,7,30
Matn4,1.015899849,NA,NA,NA,NA,NA,1.049201671,0.44364028,9.21488217,NA,2.755122223,2.246731796,2.787579665,6,46
Plscr2,3.509136504,4.386225148,NA,0.972685321,NA,0.770392991,1.468573549,0.508464911,5.040178553,4.17898566,3.01699787,4.12444739,2.79760879,10,4
Lrrn1,NA,NA,NA,NA,NA,NA,NA,NA,6.063202639,1.573213879,2.124974191,1.810317097,2.892926951,4,212
Tdrd9,1.868244822,NA,1.243826721,NA,NA,NA,0.919707332,NA,4.90831161,4.391028908,3.965166705,3.559316578,2.979371811,7,23
Sbspon,2.253601179,NA,0.97752027,NA,NA,NA,2.466875615,0.606676161,4.673931374,4.966239576,3.880986934,5.998885375,3.22808956,8,11
Rbpjl,0.797807321,NA,NA,NA,NA,NA,1.39160924,NA,8.964569462,NA,2.651250193,NA,3.451309054,4,145
Zg16,2.545090365,2.768805312,1.272623946,NA,NA,NA,2.599980608,NA,10.45824976,3.349646079,3.540909685,2.603982975,3.642411091,8,10
Gipc2,1.027710266,NA,NA,NA,NA,NA,NA,NA,9.734428239,1.379162577,4.70716888,2.042796988,3.77825339,5,80
Gabra4,NA,NA,NA,NA,NA,NA,NA,NA,5.279824715,3.125022735,4.84223671,2.888459126,4.033885821,4,205
Cntn1,NA,2.345401339,NA,NA,NA,NA,NA,NA,9.558266967,2.770110037,3.083557381,2.467810465,4.045029238,5,109
Osmr,1.972656501,NA,NA,NA,NA,NA,1.668346611,NA,8.917008932,3.694586857,3.547208322,4.558600944,4.059734694,6,35
Mab21l2,1.163845253,NA,NA,NA,NA,NA,2.237604955,NA,10.41714027,2.749286144,5.788954271,NA,4.471366178,5,74
Ntf3,NA,NA,NA,NA,NA,NA,NA,NA,9.015957143,3.043263624,3.895196296,2.741950037,4.674091775,4,216